_id,file_path,file_name,total_messages,created_at
9449a024-ad3d-4d57-b082-f48e2cc9b127,,2025-11-02/opd_blk_data_Nov_3.csvQV2tULh0,202,2025-11-02T22:16:44.458Z
1528b1fa-a09b-4cb8-b013-3efef983f205,,2025-10-02/test.csvBJWgzoyO,1,2025-10-02T14:04:59.576Z
d207ba9b-742c-4ebe-a880-4a7dad6206d5,,2025-10-02/test.csv4fZqycmj,1,2025-10-02T14:09:42.950Z
7d6181d7-6fb6-47b7-a6ee-eb947dc4ce0c,,2025-10-02/test.csvJeVeptMq,1,2025-10-02T17:30:53.002Z
3b09c30e-3e5b-4574-b8c8-f4961dc21f30,,2025-10-02/test.csv2dBCyYjq,1,2025-10-02T19:52:25.081Z
0ce788e2-e4fb-400b-9b70-4b3f4fb9a723,,2025-10-02/test.csvCvuqbarF,1,2025-10-02T20:27:37.316Z
6e5475e9-2338-4e7b-9a8f-9a0c43cccab6,,2025-11-04/opd_blk_sample_data_Nov_4.csvVniNL0ZY,5,2025-11-04T15:31:22.160Z
0585a327-752d-4f05-a88f-85926de8fa7c,,2025-11-02/opd_blk_data_Nov_2.csvZ7u5xrei,101,2025-11-02T13:33:13.594Z
6a34beef-ffc6-44e7-9a05-09c47ba62bef,,2025-11-04/opd_blk_sample_2_data_Nov_4.csvQ9WTm3CL,5,2025-11-04T16:06:50.080Z
ce56c312-7ffb-40db-8d82-886b5d3994f3,,2025-11-04/opd_blk_aug_sample_data_Nov_5.csveieA6ID6,,2025-11-04T20:04:36.699Z
41f05c7d-aa0a-406e-a5e0-d614ec29776a,,2025-11-04/opd_blk_aug_sample_data_Nov_5_part_1.csvmMi7ePox,,2025-11-04T20:25:52.339Z
92c1e7f2-a858-47f9-bca2-ca13c804a8e6,,2025-11-04/opd_blk_aug_sample_data_Nov_5_part_1.csv6sqKTpzI,146,2025-11-04T20:29:28.095Z
7193fbf4-c3c7-4db4-a9d8-d66dbe53681c,,2025-11-04/opd_blk_aug_sample_data_Nov_5.csvZrIF7ICj,206,2025-11-04T20:23:47.799Z
607107a5-4bf0-4f19-bfed-50475066dbd5,,2025-11-05/opd_august_data.csvejD1d75n,999,2025-11-05T22:43:25.609Z
847fcac4-a0c0-4be9-aca9-7eee64a88f5f,,2025-11-14/opd_data_Nov_13_August_data_to_process.csvMIj2kT5D,5059,2025-11-14T15:22:38.377Z
6f21db1c-3dee-4724-8c7a-eab4fb23bc1d,,2025-12-01/opd_data_Jun_Cardio.csvi4pRz2AF,435,2025-12-01T09:31:23.721Z
3c530ad4-7ada-46af-b029-0c7cea3cb0a1,,2025-12-01/OPD_Sep.csvME8tXgy7,938,2025-12-01T19:39:06.415Z
7f43269a-e9a7-4a22-ac43-93ce6e167557,,2025-12-03/opd_data_august_dec_3.csv26IwVOUv,,2025-12-03T08:52:37.273Z
028fd076-1198-4084-88a8-d8bdd2958ced,,2025-12-03/opd_data_july_dec_3.csv1jguovRt,3003,2025-12-03T09:02:00.628Z
380b8266-f626-4e05-a220-322894231ca3,,2025-12-07/run_again_cases_p4.csvFZQQfvaT,2499,2025-12-07T18:41:46.573Z
be0cefa2-34e0-4018-9f92-426c9527dbc5,,2025-12-07/run_again_cases_p2.csvmAhJeDTM,,2025-12-07T18:28:24.860Z
361d4bdd-42fb-4fd4-9ea1-77be2d5c42d6,,2025-12-07/run_again_cases_p2.csvcgu4W3p9,500,2025-12-07T18:34:32.010Z
a85b43cb-75b2-4e9b-a433-d7e264e02f34,,2025-12-07/run_again_cases_p3.csvv8wsrRrH,689,2025-12-07T18:37:56.095Z
2648ad9a-53d7-4b65-b0c3-38abfd4503ee,,2025-12-07/opd_data_dec_7_july_final.csvkMRG2Quh,,2025-12-07T19:58:38.415Z
863fa213-f4b9-4b37-949e-e5b67b36af2e,,2025-12-07/opd_data_dec_7_july_final.csvUr7cEHIz,8,2025-12-07T20:09:55.364Z
ff39521e-04b4-4267-a739-6a9f2d19aba3,,2025-12-03/opd_data_august_dec_3_new.csvvZiAwC8t,1555,2025-12-03T09:00:59.430Z
5a64444b-525b-41e9-82b1-21722748bcb0,,2025-12-07/opd_data_dec_7_july_2.csv7sTDpvmt,735,2025-12-07T20:11:54.997Z
